sigma2,alpha,tau,log_likelihood,LOINC_CODE
0.05,3.3500000000000023,0.8749999999999998,-5679.929046767372,1742-6
