sigma2,alpha,tau,log_likelihood,LOINC_CODE
0.05,3.5000000000000027,1.2499999999999996,-4882.827027107845,1742-6
